{
    "data": {
        "Poland": [19.657016, 52.205848],
        "World": [0.0, 0.0]
    }
}