{
    "projection": "EPSG:4326",
    "data": {
        "Poland": [13.695519, 54.834194, 24.469030, 48.616916],
        "World": [-180.0, 90.0, 180.0, -90.0]
    }
}